WKT,Layer,Provinsi,Nama,Jenis,Alamat,Latitude,Longitude
"POINT (109.69 -7.397)",Jawa Tengah,Jawa Tengah,Kabupaten Banjarnegara,Kabupaten,Kabupaten Banjarnegara, Jawa Tengah, Indonesia,-7.397,109.69
"POINT (109.23 -7.43)",Jawa Tengah,Jawa Tengah,Kabupaten Banyumas,Kabupaten,Kabupaten Banyumas, Jawa Tengah, Indonesia,-7.43,109.23
"POINT (109.7329732 -6.9060183)",Jawa Tengah,Jawa Tengah,Kabupaten Batang,Kabupaten,Kabupaten Batang, Jawa Tengah, Indonesia,-6.9060183,109.7329732
"POINT (111.4184122 -6.9697561)",Jawa Tengah,Jawa Tengah,Kabupaten Blora,Kabupaten,Kabupaten Blora, Jawa Tengah, Indonesia,-6.9697561,111.4184122
"POINT (110.5939489 -7.5180659)",Jawa Tengah,Jawa Tengah,Kabupaten Boyolali,Kabupaten,Kabupaten Boyolali, Jawa Tengah, Indonesia,-7.5180659,110.5939489
"POINT (109.0370796 -6.8678434)",Jawa Tengah,Jawa Tengah,Kabupaten Brebes,Kabupaten,Kabupaten Brebes, Jawa Tengah, Indonesia,-6.8678434,109.0370796
"POINT (109.0235173 -7.6987091)",Jawa Tengah,Jawa Tengah,Kabupaten Cilacap,Kabupaten,Kabupaten Cilacap, Jawa Tengah, Indonesia,-7.6987091,109.0235173
"POINT (110.64 -6.89)",Jawa Tengah,Jawa Tengah,Kabupaten Demak,Kabupaten,Kabupaten Demak, Jawa Tengah, Indonesia,-6.89,110.64
"POINT (110.92 -7.1)",Jawa Tengah,Jawa Tengah,Kabupaten Grobogan,Kabupaten,Kabupaten Grobogan, Jawa Tengah, Indonesia,-7.1,110.92
"POINT (110.67 -6.59)",Jawa Tengah,Jawa Tengah,Kabupaten Jepara,Kabupaten,Kabupaten Jepara, Jawa Tengah, Indonesia,-6.59,110.67
"POINT (110.95 -7.6)",Jawa Tengah,Jawa Tengah,Kabupaten Karanganyar,Kabupaten,Kabupaten Karanganyar, Jawa Tengah, Indonesia,-7.6,110.95
"POINT (109.65 -7.67)",Jawa Tengah,Jawa Tengah,Kabupaten Kebumen,Kabupaten,Kabupaten Kebumen, Jawa Tengah, Indonesia,-7.67,109.65
"POINT (110.2 -6.92)",Jawa Tengah,Jawa Tengah,Kabupaten Kendal,Kabupaten,Kabupaten Kendal, Jawa Tengah, Indonesia,-6.92,110.2
"POINT (110.6429151 -7.7343621)",Jawa Tengah,Jawa Tengah,Kabupaten Klaten,Kabupaten,Kabupaten Klaten, Jawa Tengah, Indonesia,-7.7343621,110.6429151
"POINT (110.84 -6.805)",Jawa Tengah,Jawa Tengah,Kabupaten Kudus,Kabupaten,Kabupaten Kudus, Jawa Tengah, Indonesia,-6.805,110.84
"POINT (110.2158 -7.6053)",Jawa Tengah,Jawa Tengah,Kabupaten Magelang,Kabupaten,Kabupaten Magelang, Jawa Tengah, Indonesia,-7.6053,110.2158
"POINT (111.04 -6.75)",Jawa Tengah,Jawa Tengah,Kabupaten Pati,Kabupaten,Kabupaten Pati, Jawa Tengah, Indonesia,-6.75,111.04
"POINT (109.63 -7.05)",Jawa Tengah,Jawa Tengah,Kabupaten Pekalongan,Kabupaten,Kabupaten Pekalongan, Jawa Tengah, Indonesia,-7.05,109.63
"POINT (109.3831785 -6.8960662)",Jawa Tengah,Jawa Tengah,Kabupaten Pemalang,Kabupaten,Kabupaten Pemalang, Jawa Tengah, Indonesia,-6.8960662,109.3831785
"POINT (109.36 -7.39)",Jawa Tengah,Jawa Tengah,Kabupaten Purbalingga,Kabupaten,Kabupaten Purbalingga, Jawa Tengah, Indonesia,-7.39,109.36
"POINT (110.01 -7.71)",Jawa Tengah,Jawa Tengah,Kabupaten Purworejo,Kabupaten,Kabupaten Purworejo, Jawa Tengah, Indonesia,-7.71,110.01
"POINT (111.4 -6.75)",Jawa Tengah,Jawa Tengah,Kabupaten Rembang,Kabupaten,Kabupaten Rembang, Jawa Tengah, Indonesia,-6.75,111.40
"POINT (110.45 -7.15)",Jawa Tengah,Jawa Tengah,Kabupaten Semarang,Kabupaten,Kabupaten Semarang, Jawa Tengah, Indonesia,-7.15,110.45
"POINT (111.02 -7.43)",Jawa Tengah,Jawa Tengah,Kabupaten Sragen,Kabupaten,Kabupaten Sragen, Jawa Tengah, Indonesia,-7.43,111.02
"POINT (110.84 -7.68)",Jawa Tengah,Jawa Tengah,Kabupaten Sukoharjo,Kabupaten,Kabupaten Sukoharjo, Jawa Tengah, Indonesia,-7.68,110.84
"POINT (109.15 -7.0)",Jawa Tengah,Jawa Tengah,Kabupaten Tegal,Kabupaten,Kabupaten Tegal, Jawa Tengah, Indonesia,-7.0,109.15
"POINT (110.17 -7.32)",Jawa Tengah,Jawa Tengah,Kabupaten Temanggung,Kabupaten,Kabupaten Temanggung, Jawa Tengah, Indonesia,-7.32,110.17
"POINT (110.92 -7.82)",Jawa Tengah,Jawa Tengah,Kabupaten Wonogiri,Kabupaten,Kabupaten Wonogiri, Jawa Tengah, Indonesia,-7.82,110.92
"POINT (109.9 -7.36)",Jawa Tengah,Jawa Tengah,Kabupaten Wonosobo,Kabupaten,Kabupaten Wonosobo, Jawa Tengah, Indonesia,-7.36,109.9
"POINT (110.2177 -7.4797)",Jawa Tengah,Jawa Tengah,Kota Magelang,Kota,Kota Magelang, Jawa Tengah, Indonesia,-7.4797,110.2177
"POINT (109.6753 -6.8886)",Jawa Tengah,Jawa Tengah,Kota Pekalongan,Kota,Kota Pekalongan, Jawa Tengah, Indonesia,-6.8886,109.6753
"POINT (110.5084 -7.3305)",Jawa Tengah,Jawa Tengah,Kota Salatiga,Kota,Kota Salatiga, Jawa Tengah, Indonesia,-7.3305,110.5084
"POINT (110.4203 -6.9932)",Jawa Tengah,Jawa Tengah,Kota Semarang,Kota,Kota Semarang, Jawa Tengah, Indonesia,-6.9932,110.4203
"POINT (110.8243 -7.5755)",Jawa Tengah,Jawa Tengah,Kota Surakarta,Kota,Kota Surakarta, Jawa Tengah, Indonesia,-7.5755,110.8243
"POINT (109.1256 -6.8797)",Jawa Tengah,Jawa Tengah,Kota Tegal,Kota,Kota Tegal, Jawa Tengah, Indonesia,-6.8797,109.1256
